{
  "tfidf_text_only": {
    "accuracy": 0.5089633671083398,
    "precision": 0.46599264705882354,
    "recall": 0.9118705035971223,
    "f1": 0.6167883211678832,
    "roc_auc": 0.6577093208514344,
    "threshold": 0.32499999999999996,
    "true_negative": 146,
    "false_positive": 581,
    "false_negative": 49,
    "true_positive": 507,
    "test_size": 1283,
    "model": "tfidf_text_only",
    "feature_set": "text_only",
    "train_size": 10269,
    "valid_size": 1284
  },
  "tfidf_metadata_enhanced": {
    "accuracy": 0.7038191738113796,
    "precision": 0.6102756892230576,
    "recall": 0.8758992805755396,
    "f1": 0.7193500738552437,
    "roc_auc": 0.8304874669727766,
    "threshold": 0.33499999999999996,
    "true_negative": 416,
    "false_positive": 311,
    "false_negative": 69,
    "true_positive": 487,
    "test_size": 1283,
    "model": "tfidf_metadata_enhanced",
    "feature_set": "text_plus_metadata",
    "train_size": 10269,
    "valid_size": 1284
  },
  "transformer_text_only": {
    "accuracy": 0.5035074045206547,
    "precision": 0.4643171806167401,
    "recall": 0.947841726618705,
    "f1": 0.6232998225901834,
    "roc_auc": 0.6968620426904695,
    "threshold": 0.20999999999999996,
    "true_negative": 119,
    "false_positive": 608,
    "false_negative": 29,
    "true_positive": 527,
    "test_size": 1283,
    "model": "bert-base-uncased",
    "feature_set": "text_only",
    "train_size": 10269,
    "valid_size": 1284,
    "epochs": 5,
    "batch_size": 8,
    "max_length": 128,
    "learning_rate": 2e-05,
    "device": "cuda",
    "best_epoch": 2,
    "selection_metric": "f1",
    "best_validation_metrics": {
      "accuracy": 0.5552959501557633,
      "precision": 0.5197541703248464,
      "recall": 0.961038961038961,
      "f1": 0.6746438746438747,
      "roc_auc": 0.695784567229178,
      "threshold": 0.20999999999999996,
      "true_negative": 121,
      "false_positive": 547,
      "false_negative": 24,
      "true_positive": 592,
      "test_size": 1284
    },
    "training_log": [
      {
        "epoch": 1,
        "train_loss": 0.672873350295508,
        "valid_accuracy": 0.5638629283489096,
        "valid_precision": 0.5264650283553876,
        "valid_recall": 0.9042207792207793,
        "valid_f1": 0.6654719235364397,
        "valid_roc_auc": 0.6836748580760557,
        "valid_threshold": 0.37499999999999994
      },
      {
        "epoch": 2,
        "train_loss": 0.6180218135549272,
        "valid_accuracy": 0.5552959501557633,
        "valid_precision": 0.5197541703248464,
        "valid_recall": 0.961038961038961,
        "valid_f1": 0.6746438746438747,
        "valid_roc_auc": 0.695784567229178,
        "valid_threshold": 0.20999999999999996
      },
      {
        "epoch": 3,
        "train_loss": 0.49618652957923876,
        "valid_accuracy": 0.5887850467289719,
        "valid_precision": 0.5454545454545454,
        "valid_recall": 0.8571428571428571,
        "valid_f1": 0.6666666666666666,
        "valid_roc_auc": 0.664352301889727,
        "valid_threshold": 0.25999999999999995
      },
      {
        "epoch": 4,
        "train_loss": 0.27983833291942134,
        "valid_accuracy": 0.5950155763239875,
        "valid_precision": 0.5533333333333333,
        "valid_recall": 0.8084415584415584,
        "valid_f1": 0.6569920844327177,
        "valid_roc_auc": 0.6618370402053038,
        "valid_threshold": 0.07
      },
      {
        "epoch": 5,
        "train_loss": 0.13396971431193436,
        "valid_accuracy": 0.6121495327102804,
        "valid_precision": 0.5741206030150754,
        "valid_recall": 0.7418831168831169,
        "valid_f1": 0.6473087818696884,
        "valid_roc_auc": 0.6685419744925734,
        "valid_threshold": 0.06
      }
    ],
    "class_weight": "balanced"
  }
}