{
  "tfidf_text_only": {
    "accuracy": 0.421667965705378,
    "precision_macro": 0.42391916188707635,
    "recall_macro": 0.42743578819093697,
    "f1_macro": 0.4206044666501958,
    "f1_weighted": 0.4208126584231748,
    "roc_auc_ovr_macro": 0.6107312752910934,
    "confusion_matrix": [
      [
        209,
        114,
        137
      ],
      [
        168,
        169,
        144
      ],
      [
        99,
        80,
        163
      ]
    ],
    "test_size": 1283,
    "model": "tfidf_text_only",
    "feature_set": "text_only",
    "train_size": 10269,
    "valid_size": 1284
  },
  "transformer_text_only": {
    "accuracy": 0.49649259547934527,
    "precision_macro": 0.4950208149819999,
    "recall_macro": 0.48925738799880686,
    "f1_macro": 0.4905800288192739,
    "f1_weighted": 0.49454194013175057,
    "roc_auc_ovr_macro": 0.6695722960800352,
    "confusion_matrix": [
      [
        265,
        146,
        49
      ],
      [
        151,
        232,
        98
      ],
      [
        89,
        113,
        140
      ]
    ],
    "test_size": 1283,
    "model": "bert-base-uncased",
    "feature_set": "text_only",
    "train_size": 10269,
    "valid_size": 1284,
    "epochs": 5,
    "batch_size": 8,
    "max_length": 128,
    "learning_rate": 2e-05,
    "device": "cuda",
    "best_epoch": 2,
    "selection_metric": "f1_macro",
    "best_validation_metrics": {
      "accuracy": 0.4914330218068536,
      "precision_macro": 0.49708628784795444,
      "recall_macro": 0.4902831910448264,
      "f1_macro": 0.49139357603559325,
      "f1_weighted": 0.4906190456347939,
      "roc_auc_ovr_macro": 0.6769549453556974,
      "confusion_matrix": [
        [
          234,
          138,
          48
        ],
        [
          157,
          232,
          96
        ],
        [
          79,
          135,
          165
        ]
      ],
      "test_size": 1284
    },
    "training_log": [
      {
        "epoch": 1,
        "train_loss": 1.0776141125743635,
        "valid_accuracy": 0.4454828660436137,
        "valid_precision_macro": 0.4485458442173962,
        "valid_recall_macro": 0.4576273418451695,
        "valid_f1_macro": 0.43741052944685954,
        "valid_f1_weighted": 0.4307662878042971,
        "valid_roc_auc_ovr_macro": 0.6441265788991296
      },
      {
        "epoch": 2,
        "train_loss": 0.9949195951316215,
        "valid_accuracy": 0.4914330218068536,
        "valid_precision_macro": 0.49708628784795444,
        "valid_recall_macro": 0.4902831910448264,
        "valid_f1_macro": 0.49139357603559325,
        "valid_f1_weighted": 0.4906190456347939,
        "valid_roc_auc_ovr_macro": 0.6769549453556974
      },
      {
        "epoch": 3,
        "train_loss": 0.8015636540136976,
        "valid_accuracy": 0.48909657320872274,
        "valid_precision_macro": 0.49746047942482735,
        "valid_recall_macro": 0.48528793831271866,
        "valid_f1_macro": 0.48874042624042624,
        "valid_f1_weighted": 0.48895531065507697,
        "valid_roc_auc_ovr_macro": 0.6699081600170621
      },
      {
        "epoch": 4,
        "train_loss": 0.48108629154105237,
        "valid_accuracy": 0.46105919003115264,
        "valid_precision_macro": 0.4636450115871793,
        "valid_recall_macro": 0.4676068156864066,
        "valid_f1_macro": 0.4556040227198029,
        "valid_f1_weighted": 0.4513401000030556,
        "valid_roc_auc_ovr_macro": 0.6426619277176536
      },
      {
        "epoch": 5,
        "train_loss": 0.2442928166077922,
        "valid_accuracy": 0.4633956386292835,
        "valid_precision_macro": 0.47219395986045454,
        "valid_recall_macro": 0.45978953994893934,
        "valid_f1_macro": 0.4630882064987302,
        "valid_f1_weighted": 0.46323242276428866,
        "valid_roc_auc_ovr_macro": 0.6424013393358021
      }
    ],
    "class_weight": "balanced"
  }
}
