,accuracy,precision_macro,recall_macro,f1_macro,f1_weighted,roc_auc_ovr_macro,train_size,valid_size,best_epoch
tfidf_text_only,0.421667965705378,0.42391916188707635,0.42743578819093697,0.4206044666501958,0.4208126584231748,0.6107312752910934,10269,1284,
transformer_text_only,0.49649259547934527,0.4950208149819999,0.48925738799880686,0.4905800288192739,0.49454194013175057,0.6695722960800352,10269,1284,2
