epoch,train_loss,valid_accuracy,valid_precision_macro,valid_recall_macro,valid_f1_macro,valid_f1_weighted,valid_roc_auc_ovr_macro
1,1.0776141125743635,0.4454828660436137,0.4485458442173962,0.4576273418451695,0.43741052944685954,0.4307662878042971,0.6441265788991296
2,0.9949195951316215,0.4914330218068536,0.49708628784795444,0.4902831910448264,0.49139357603559325,0.4906190456347939,0.6769549453556974
3,0.8015636540136976,0.48909657320872274,0.49746047942482735,0.48528793831271866,0.48874042624042624,0.48895531065507697,0.6699081600170621
4,0.48108629154105237,0.46105919003115264,0.4636450115871793,0.4676068156864066,0.4556040227198029,0.4513401000030556,0.6426619277176536
5,0.2442928166077922,0.4633956386292835,0.47219395986045454,0.45978953994893934,0.4630882064987302,0.46323242276428866,0.6424013393358021
